Workbook

Sheet README
B2: 01 · Agentic PDLC Simulator — Cartly Edition
B3: Companion workbook · The Agentic PDLC · grounded in the Sprint 0 scrum update + Cartly PDLC v1.0
B5: PURPOSE | C5: Run one agentic product end to end through the six-stage lifecycle. Each stage tab holds that stage's decision instrument plus an exit gate; every gate rolls up live to the Dashboard. At any moment the file answers: where are we, what blocks us, who owns it.
B7: HOW TO USE | C7: 1. Start on the Dashboard — Cartly's refund-eligibility resolution agent is loaded with real Sprint 0 status, with gates on HOLD wherever the team's own update says so.
C8: 2. Work each stage tab: change inputs, watch verdicts recompute, flip exit-gate items to YES only when they are true.
C9: 3. Fix the three planted holds live — Stage 2 (failure-path twin + unsigned threshold), Stage 4 (under-slacked decisions), Stage 5 (open mandatory items) — and watch the Dashboard go green.
C10: 4. For your own product: overwrite every cream cell. (This copy reflects the actual Sprint 0 scrum update dated 2026-06-22 and Cartly_PDLC_v1_0.pdf — not a hypothetical.)
B12: COLOUR KEY | C12: Cream + blue text = your inputs (dropdowns and free text). Sand = live formulas, leave alone. Verdicts self-colour green / amber / red.
B14: DEMO DATA | C14: Prefilled from two real project documents: the Sprint 0 scrum update (team, blockers, planned-vs-actual %) and the Cartly PDLC v1.0 (personas, ticket distribution, PRD metrics, agent topology, risk register, assumptions A1–A10). Cells with no source in either document are marked with a comment.
B16: SESSION LINK | C16: Deck slides 6–20. Gate logic mirrors the exit gates on slides 7–18; the planted holds mirror the case-study lessons on slide 28.
B18: NOTES | C18: Depth lives in the companions: PRD instruments in 02, eval & operations in 03, money in 04, drills in 05. This file is the spine.
C20: Checklists use YES / NO dropdowns rather than form checkboxes by design — they survive Google Sheets import and feed formulas cleanly. Built for Excel and LibreOffice.

Sheet Dashboard
A1: Lifecycle Dashboard
A2: Live rollup of all six stage gates · nothing typed here except the product header
B4: PRODUCT UNDER SIMULATION
B5: Product / feature | C5: Cartly Refund Resolution Agent (POC — refund eligibility tickets)
B6: Product owner | C6: Avishka Jindal, Hiten Mistry, Yash Parmar
B7: Review date | C7: 2026-06-22
B9: STAGE GATES — PULLED LIVE FROM EACH TAB
B10: Stage | C10: Core question | D10: Gate | E10: Signal (live from the tab)
B11: 1 · Discover & qualify | C11: Can the model do this reliably enough — and how do we know before building? | D11: ='S1 Discover'!H2 -> HOLD | E11: ='S1 Discover'!I2 -> Fit score 9/10 · AGENT CANDIDATE
B12: 2 · Define | C12: What does the failing % experience — and at what threshold do we escalate? | D12: ='S2 Define'!H2 -> HOLD | E12: ='S2 Define'!I2 -> 1 of 5 sampled ACs complete · 4 threshold(s) unsigned
B13: 3 · Design | C13: Where does code decide vs the model — and what gates the writes? | D13: ='S3 Design'!H2 -> PASS | E13: ='S3 Design'!I2 -> 0 write action(s) undefined · 5/5 conversations held
B14: 4 · Build & phase | C14: Which open decision blocks which phase — owned by whom, by when? | D14: ='S4 Build'!H2 -> HOLD | E14: ='S4 Build'!I2 -> 3 blocking decision(s) under-slacked · 0/3 fallbacks designed
B15: 5 · Validate & launch | C15: What statistical evidence gates this release? | D15: ='S5 Launch'!H2 -> HOLD | E15: ='S5 Launch'!I2 -> 19% ready · 11 mandatory item(s) open
B16: 6 · Operate & improve | C16: What did production teach the golden set this week? | D16: ='S6 Operate'!H2 -> PASS | E16: ='S6 Operate'!I2 -> Containment 85.1% · cost/success $29.091 · suite grew
B18: ROLLUP
B19: Stages passed | C19: =COUNTIF(D11:D16,"PASS")&" / 6" -> 2 / 6
B20: Current focus | C20: =IFERROR("Stage "&INDEX(B11:B16,MATCH("HOLD",D11:D16,0))&" — clear its gate first","All six gates passed — the operate-and-improve cadence is now the job") -> Stage 1 · Discover & qualify — clear its gate first
B22: Rule of the room | C22: A gate is a checklist of facts, not a vibe. If an item is not true yet, it stays NO — this dashboard exists to make HOLD visible, not comfortable.

Sheet S1 Discover
A1: Stage 1 · Discover & qualify
A2: Fit filter → red-zone check → capability probes → displaced-cost baseline → exit gate | G2: STAGE GATE | H2: =IF(COUNTIF(D33:D37,"YES")=5,"PASS","HOLD") -> HOLD | I2: ="Fit score "&D11&"/10 · "&E11 -> Fit score 9/10 · AGENT CANDIDATE
B4: A · FIT FILTER — SCORE THE CANDIDATE BEFORE ANYTHING ELSE
B5: Question | C5: What a 2 looks like | D5: Score 0–2 | E5: Rationale
B6: Volume | C6: High enough that automation compounds — thousands of tasks a month, not dozens | D6: 2 | E6: Refund/return requests are 22% of total ticket volume — 2nd-largest category after WISMO (PDLC §1.2); exact monthly count is unconfirmed (Probing Q1 / Assumption A1 covers only the 3× peak multiplier, not the base volume)
B7: Input variability | C7: Too varied to enumerate branches — the reason rules failed here | D7: 2 | E7: Free-text refund requests with varying reason codes and tone — Bitext (27k Q&A, 27 intents) + Twitter corpus (3M, messy/emotional) selected to span this (PDLC §5.1)
B8: Output verifiability | C8: A cheap, fast check exists — schema, cross-source, or rules | D8: 2 | E8: Eligibility checked against the INR 500 autonomy threshold (Assumption A2) + policy KB — deterministic, fast, rules-first check
B9: Failure tolerance + recovery | C9: Errors are visible, recoverable, and a human path exists | D9: 1 | E9: Refund issuance above the INR 500 threshold is hard to reverse; Risk Register 4.1 ("Wrong refund or account action") rates this Low likelihood / Critical impact, mitigated by the hard threshold + human approval + immutable action log
B10: Data & tool availability | C10: APIs and ground truth exist today, not post-integration | D10: 2 | E10: Mock services seeded from the Bitext primary dataset; keyword-matched policy KB built for the POC (Chroma adoption deferred — see S4 OD-03)
B11: Fit score / verdict | D11: =SUM(D6:D10) -> 9 | E11: =IF(D11>=8,"AGENT CANDIDATE",IF(D11>=6,"BORDERLINE — PROBE FIRST","WORKFLOW OR KILL")) -> AGENT CANDIDATE
B13: B · RED-ZONE CHECK — SOME DECISIONS NEVER GO TO THE MODEL
B14: Decision in the flow | C14: Money / compliance? | D14: Who decides | E14: Verdict
B15: Refund issuance above INR 500 (Assumption A2) | C15: YES | D15: Rules only | E15: =IF(AND(C15="YES",D15="Model decides"),"RED-ZONE VIOLATION — redesign","OK") -> OK
B16: Refund amount / max_refund_amount calculation | C16: YES | D16: Rules only | E16: =IF(AND(C16="YES",D16="Model decides"),"RED-ZONE VIOLATION — redesign","OK") -> OK
B17: INR 500 autonomy threshold check (Refund Agent) | C17: YES | D17: Rules only | E17: =IF(AND(C17="YES",D17="Model decides"),"RED-ZONE VIOLATION — redesign","OK") -> OK
B18: Policy citation verification (Safety Critic, RAGAS faithfulness ≥0.70 gate) | C18: YES | D18: Model drafts — rules decide | E18: =IF(AND(C18="YES",D18="Model decides"),"RED-ZONE VIOLATION — redesign","OK") -> OK
B19: Ticket intent / risk-tier classification (Triage Agent) | C19: NO | D19: Model decides | E19: =IF(AND(C19="YES",D19="Model decides"),"RED-ZONE VIOLATION — redesign","OK") -> OK
B20: Policy answer drafting (Policy Agent) | C20: NO | D20: Model drafts — rules decide | E20: =IF(AND(C20="YES",D20="Model decides"),"RED-ZONE VIOLATION — redesign","OK") -> OK
B22: C · CAPABILITY PROBE LOG — EVIDENCE BEFORE REQUIREMENTS
B23: Probe · task | C23: Sampling method | D23: n | E23: Correct | F23: Accuracy | G23: Required | H23: Sample note | I23: Verdict
B24: PRB-01 · Triage Agent — intent classification & risk-tier assignment | C24: Random sample | D24: 0 | E24: 0 | F24: =IF(D24>0,E24/D24,"") | G24: 0.85 | H24: =IF(D24<25,"n<25 — WEAK EVIDENCE","") -> n<25 — WEAK EVIDENCE | I24: =IF(OR(C24="Cherry-picked",C24="Synthetic"),"INVALID — RESAMPLE",IF(D24=0,"PENDING",IF(F24>=G24,"BUILD",IF(F24>=G24-0.1,"WORKFLOW THE VERIFIABLE PARTS","KILL THE AUTONOMOUS VERSION")))) -> PENDING
B25: PRB-02 · Refund Agent — eligibility determination vs. INR 500 threshold + policy KB | C25: Random sample | D25: 0 | E25: 0 | F25: =IF(D25>0,E25/D25,"") | G25: 0.85 | H25: =IF(D25<25,"n<25 — WEAK EVIDENCE","") -> n<25 — WEAK EVIDENCE | I25: =IF(OR(C25="Cherry-picked",C25="Synthetic"),"INVALID — RESAMPLE",IF(D25=0,"PENDING",IF(F25>=G25,"BUILD",IF(F25>=G25-0.1,"WORKFLOW THE VERIFIABLE PARTS","KILL THE AUTONOMOUS VERSION")))) -> PENDING
B26: PRB-03 · Safety Critic — independent policy-citation verification (RAGAS faithfulness) | C26: Random sample | D26: 0 | E26: 0 | F26: =IF(D26>0,E26/D26,"") | G26: 0.7 | H26: =IF(D26<25,"n<25 — WEAK EVIDENCE","") -> n<25 — WEAK EVIDENCE | I26: =IF(OR(C26="Cherry-picked",C26="Synthetic"),"INVALID — RESAMPLE",IF(D26=0,"PENDING",IF(F26>=G26,"BUILD",IF(F26>=G26-0.1,"WORKFLOW THE VERIFIABLE PARTS","KILL THE AUTONOMOUS VERSION")))) -> PENDING
B27: No probes run yet — the Sprint 0 update logs the Evaluation Plan at 90% actual, with golden-set methodology explicitly deferred to Sprint 1. All three rows sit at PENDING (n=0) until that lands; "Required" already carries the real PRD/guardrail targets they'll be measured against.
B29: D · DISPLACED-COST BASELINE — WHAT THE CANDIDATE MUST BEAT (FEEDS STAGE 6 AND WORKBOOK 04)
B30: Manual handling minutes / task | D30: 11 | E30: Loaded rate $/hour | F30: 30
B31: Manual cost / task | D31: =D30/60*F30 -> 5.5 | E31: Tasks / month | F31: 3000
B32: Monthly manual cost — the baseline | D32: =D31*F31 -> 16500
B33: E · EXIT GATE — ALL FIVE MUST BE YES | C33: Acceptable error rate is written down (with the client / ops, not assumed) | D33: YES
C34: The failure path is written down — what the failing % experience | D34: YES
C35: Every probe has a verdict — none PENDING, none INVALID | D35: NO
C36: Red-zone check shows zero violations | D36: YES
C37: Displaced-cost baseline agreed with finance | D37: NO

Sheet S2 Define
A1: Stage 2 · Define
A2: AC completeness check + threshold owners + exit gate · full AC workbench: workbook 02, tab 1 | G2: STAGE GATE | H2: =IF(COUNTIF(D23:D26,"YES")=4,"PASS","HOLD") -> HOLD | I2: =COUNTIF(H6:H10,"COMPLETE")&" of 5 sampled ACs complete · "&COUNTIF(F15:F18,"UNSIGNED*")&" threshold(s) unsigned" -> 1 of 5 sampled ACs complete · 4 threshold(s) unsigned
B4: A · ACCEPTANCE-CRITERIA COMPLETENESS — THE 4-PART TEST ON FIVE SAMPLED ACS
B5: FR | C5: Acceptance criterion (as written) | D5: Metric + threshold? | E5: Named test set? | F5: Measurement method? | G5: Failure path? | H5: Status
B6: FR-01 | C6: Autonomous resolution rate ≥65% by Sprint 4 (≥50% by Sprint 3) — % of tickets fully closed by AI, no human action, no follow-up within 48h (PRD §2.4) | D6: YES | E6: NO | F6: YES | G6: NO | H6: =IF(COUNTIF(D6:G6,"YES")=4,"COMPLETE",4-COUNTIF(D6:G6,"YES")&" part(s) missing — HALF A REQUIREMENT") -> 2 part(s) missing — HALF A REQUIREMENT
B7: FR-05 | C7: Escalation precision ≥85% — of escalated tickets, % that genuinely needed a human (PRD §2.4) | D7: YES | E7: NO | F7: YES | G7: NO | H7: =IF(COUNTIF(D7:G7,"YES")=4,"COMPLETE",4-COUNTIF(D7:G7,"YES")&" part(s) missing — HALF A REQUIREMENT") -> 2 part(s) missing — HALF A REQUIREMENT
B8: FR-14 | C8: Groundedness (RAGAS faithfulness) ≥0.85, never below 0.70 guardrail floor (PRD §2.4–2.5) | D8: YES | E8: NO | F8: YES | G8: YES | H8: =IF(COUNTIF(D8:G8,"YES")=4,"COMPLETE",4-COUNTIF(D8:G8,"YES")&" part(s) missing — HALF A REQUIREMENT") -> 1 part(s) missing — HALF A REQUIREMENT
B9: FR-16 | C9: Safety on sensitive cases = 100%, never negotiable — any deviation triggers immediate rollback (PRD §2.5) | D9: YES | E9: YES | F9: YES | G9: YES | H9: =IF(COUNTIF(D9:G9,"YES")=4,"COMPLETE",4-COUNTIF(D9:G9,"YES")&" part(s) missing — HALF A REQUIREMENT") -> COMPLETE
B10: FR-08 | C10: Cost per resolved ticket < INR 30, with a warning alarm at INR 25 (PRD §2.4 / §6.3) | D10: YES | E10: NO | F10: YES | G10: YES | H10: =IF(COUNTIF(D10:G10,"YES")=4,"COMPLETE",4-COUNTIF(D10:G10,"YES")&" part(s) missing — HALF A REQUIREMENT") -> 1 part(s) missing — HALF A REQUIREMENT
B11: Golden-set methodology is explicitly deferred to Sprint 1 (Evaluation Plan logged at 90% actual in the Sprint 0 update) — that's why "Named test set?" is NO on four of five rows. Lock the golden set in Sprint 1 and they flip to COMPLETE.
B13: B · THRESHOLD OWNERS — EVERY NUMBER THAT TRIGGERS BEHAVIOUR CARRIES A NAME
B14: Threshold | C14: Value | D14: Lives in (PRD section) | E14: Owner role | F14: Sign-off
B15: Peak surge multiplier (Assumption A1) | C15: 3× weekday average (assumed) | D15: §1.5 / §2.6 NFR | F15: =IF(E15="","UNSIGNED — assign an owner","SIGNED") -> UNSIGNED — assign an owner
B16: Per-ticket cost ceiling (Assumption A3) | C16: INR 30 / resolved ticket (warning at INR 25) | D16: §2.4 / §2.6 Cost NFR | F16: =IF(E16="","UNSIGNED — assign an owner","SIGNED") -> UNSIGNED — assign an owner
B17: First-response latency target (Assumption A4) | C17: 30 seconds | D17: §2.6 NFR | F17: =IF(E17="","UNSIGNED — assign an owner","SIGNED") -> UNSIGNED — assign an owner
B18: Hard-escalation trigger list (Assumption A5) | C18: Fraud, legal action, account suspension keywords | D18: §4.2 Kill switch triggers | F18: =IF(E18="","UNSIGNED — assign an owner","SIGNED") -> UNSIGNED — assign an owner
B19: All four thresholds ship UNSIGNED — exactly the Sprint 0 blocker: A1 (peak surge), A3 (cost ceiling), A4 (latency target) and A5 (escalation trigger list) are logged as unconfirmed client assumptions with no real Cartly stakeholder to validate them against, since the client is fictional for this engagement. Benchmarked against Intercom Fin / Zendesk / Klarna as a substitute for sign-off — none of the four carries a named, signed owner yet.
B21: C · EXIT GATE — ALL FOUR MUST BE YES
C23: Every statistical AC has a failure-path twin | D23: NO
C24: Every threshold has a named, signed owner | D24: NO
C25: Golden scenarios drafted alongside the FRs (workbook 02, tab 4) | D25: NO
C26: Error taxonomy drafted with user-facing copy (workbook 02, tab 2) | D26: YES

Sheet S3 Design
A1: Stage 3 · Design
A2: The five conversations + the write-action register · product-led, schema-free | G2: STAGE GATE | H2: =IF(AND(COUNTIF(D6:D10,"YES")=5,COUNTIF(F14:F18,"OK")=5),"PASS","HOLD") -> PASS | I2: =COUNTIF(F14:F18,"DECIDE*")&" write action(s) undefined · "&COUNTIF(D6:D10,"YES")&"/5 conversations held" -> 0 write action(s) undefined · 5/5 conversations held
B4: A · THE FIVE CONVERSATIONS — HELD, DECIDED, OWNED
B5: Conversation | C5: The question you ask, verbatim | D5: Held? | E5: Decision recorded | F5: Owner of the trade
B6: 1 · Control-flow boundary | C6: Where does code decide, where does the model — and what's the blast radius when a model decision is wrong? | D6: YES | E6: Router-and-handoff triages by intent/risk at entry; orchestrator-worker supervises the specialist agents as the outer loop; sequential steps run inside each worker (PDLC §3.3) | F6: Team
B7: 2 · Write-action gating | C7: What changes the world? What stands between intent and execution? On validator timeout — fail closed or fail open? | D7: YES | E7: Evaluator-optimizer (Safety Critic) gates every reply before send; Refund Agent's INR 500 threshold (A2) gates autonomous refund actions (PDLC §3.2, Risk Register 4.1) | F7: Team (signed)
B8: 3 · Model right-sizing | C8: Why this model per role? Cost and latency delta of a downgrade — and the eval evidence covering it? | D8: YES | E8: Frontier tier for the Dispute Agent only (multi-party reasoning); medium tier for Refund / Policy / Safety Critic; cheap tier for Triage / Order / Escalation (PDLC §3.5) | F8: SA + Finance
B9: 4 · State, memory, privacy | C9: What persists, where, for how long, who reads it — and what must never persist? | D9: YES | E9: Within-interaction state in LangGraph; cross-interaction customer profile in PostgreSQL; policy KB versioned in ChromaDB (target state) / keyword KB (POC); audit log append-only and immutable (PDLC §3.7) | F9: SA + Privacy
B10: 5 · Failure & degradation | C10: Per dependency, the model included: the degraded behaviour and the exact user message? | D10: YES | E10: Kill switch SYSTEM_MODE=human_only forces every ticket to the human queue with no redeploy; hard-trigger keywords (fraud, legal action, police, lawsuit) always escalate regardless of model confidence (PDLC §4.2) | F10: PM + Ops
B12: B · WRITE-ACTION REGISTER — EVERY ACTION THAT CHANGES THE WORLD, GATED AND DEFINED
B13: Write action | C13: Gated by | D13: On gate timeout | E13: Reversible? | F13: Verdict
B14: refund_action (issue refund) | C14: Safety Critic + INR 500 threshold + idempotency key | D14: Fail closed — BLOCK | E14: PARTIAL — refund reversal entry | F14: =IF(D14="Undefined","DECIDE — fail closed or open?","OK") -> OK
B15: crm_update (mark ticket resolved) | C15: Orchestrator rule check | D15: Fail closed — BLOCK | E15: YES — reopen ticket | F15: =IF(D15="Undefined","DECIDE — fail closed or open?","OK") -> OK
B16: human_handoff (escalate) | C16: Hard-trigger rules + confidence floor | D16: Fail open — PROCEED | E16: YES — reassign | F16: =IF(D16="Undefined","DECIDE — fail closed or open?","OK") -> OK
B17: policy_retrieval-backed reply send | C17: Safety Critic, RAGAS faithfulness ≥0.70 | D17: Fail closed — BLOCK | E17: NO — correction issued, original logged | F17: =IF(D17="Undefined","DECIDE — fail closed or open?","OK") -> OK
B18: SYSTEM_MODE kill-switch toggle | C18: Operator only (human), no model in the loop | D18: Fail open — PROCEED | E18: YES — toggle back | F18: =IF(D18="Undefined","DECIDE — fail closed or open?","OK") -> OK
B19: Note the one fail-open by design: human_handoff. If the escalation gate itself fails, the safest default is to escalate anyway, not to block (PDLC §4.2). Fail-closed-vs-open is a per-action product trade, not a blanket policy.

Sheet S4 Build
A1: Stage 4 · Build & phase
A2: Open-decisions log with slack math + workflow-fallback register · decisions are the critical path | G2: STAGE GATE | H2: =IF(AND(COUNTIF(L6:L12,"UNDER-SLACKED*")=0,COUNTIF(D17:D19,"YES")=3),"PASS","HOLD") -> HOLD | I2: =COUNTIF(L6:L12,"UNDER-SLACKED*")&" blocking decision(s) under-slacked · "&COUNTIF(D17:D19,"YES")&"/3 fallbacks designed" -> 3 blocking decision(s) under-slacked · 0/3 fallbacks designed
B4: A · OPEN-DECISIONS LOG — SLACK COMPUTED AGAINST THE PHASE EACH DECISION BLOCKS
B5: ID | C5: Decision | D5: Type | E5: Owner | F5: Due (wk) | G5: Blocks phase | H5: Phase start (wk) | I5: Slack (wk) | J5: Blocking? | K5: Status | L5: Flag
B6: OD-01 | C6: Per-ticket cost ceiling confirmation (Assumption A3) — final INR 30 limit sign-off | D6: Technical w/ commercial consequence | E6: Architecture + Product | F6: 3 | G6: P1 | H6: =VLOOKUP(G6,$G$22:$H$26,2,0) -> 4 | I6: =H6-F6 -> 1 | J6: YES | K6: Open | L6: =IF(K6="Resolved","RESOLVED",IF(J6="NO","ADVISORY — TRACK",IF(I6<=2,"UNDER-SLACKED — ESCALATE","ON TRACK"))) -> UNDER-SLACKED — ESCALATE
B7: OD-02 | C7: Peak surge multiplier confirmation (Assumption A1) — concurrency design input | D7: Commercial | E7: Product + Finance | F7: 3 | G7: P1 | H7: =VLOOKUP(G7,$G$22:$H$26,2,0) -> 4 | I7: =H7-F7 -> 1 | J7: YES | K7: Open | L7: =IF(K7="Resolved","RESOLVED",IF(J7="NO","ADVISORY — TRACK",IF(I7<=2,"UNDER-SLACKED — ESCALATE","ON TRACK"))) -> UNDER-SLACKED — ESCALATE
B8: OD-03 | C8: Policy-KB approach — keyword-matched KB (POC) vs. ChromaDB vector search | D8: Technical w/ commercial consequence | E8: Engineering + Design | F8: 3 | G8: P1 | H8: =VLOOKUP(G8,$G$22:$H$26,2,0) -> 4 | I8: =H8-F8 -> 1 | J8: YES | K8: Resolved | L8: =IF(K8="Resolved","RESOLVED",IF(J8="NO","ADVISORY — TRACK",IF(I8<=2,"UNDER-SLACKED — ESCALATE","ON TRACK"))) -> RESOLVED
B9: OD-04 | C9: First-response latency target confirmation (Assumption A4) — drives the model-routing policy | D9: Legal / compliance | E9: Product (no real Cartly stakeholder available) | F9: 12 | G9: P3 | H9: =VLOOKUP(G9,$G$22:$H$26,2,0) -> 14 | I9: =H9-F9 -> 2 | J9: YES | K9: Open | L9: =IF(K9="Resolved","RESOLVED",IF(J9="NO","ADVISORY — TRACK",IF(I9<=2,"UNDER-SLACKED — ESCALATE","ON TRACK"))) -> UNDER-SLACKED — ESCALATE
B10: OD-05 | C10: Hard-escalation trigger-list finalization (Assumption A5) — completeness of fraud/legal/account keywords | D10: Commercial | E10: Engineering + Finance | F10: 16 | G10: P4 | H10: =VLOOKUP(G10,$G$22:$H$26,2,0) -> 19 | I10: =H10-F10 -> 3 | J10: NO | K10: Open | L10: =IF(K10="Resolved","RESOLVED",IF(J10="NO","ADVISORY — TRACK",IF(I10<=2,"UNDER-SLACKED — ESCALATE","ON TRACK"))) -> ADVISORY — TRACK
B11: OD-06 | C11: Data-retention policy for ticket PII | D11: Legal / compliance | E11: Legal | F11: 14 | G11: Production | H11: =VLOOKUP(G11,$G$22:$H$26,2,0) -> 25 | I11: =H11-F11 -> 11 | J11: YES | K11: Open | L11: =IF(K11="Resolved","RESOLVED",IF(J11="NO","ADVISORY — TRACK",IF(I11<=2,"UNDER-SLACKED — ESCALATE","ON TRACK"))) -> ON TRACK
B12: OD-07 | C12: LLM provider/model fallback chain for the LiteLLM gateway | D12: Legal / compliance | E12: Compliance + Product | F12: 6 | G12: P2 | H12: =VLOOKUP(G12,$G$22:$H$26,2,0) -> 9 | I12: =H12-F12 -> 3 | J12: NO | K12: Open | L12: =IF(K12="Resolved","RESOLVED",IF(J12="NO","ADVISORY — TRACK",IF(I12<=2,"UNDER-SLACKED — ESCALATE","ON TRACK"))) -> ADVISORY — TRACK
B13: OD-01, OD-02 and OD-04 carry exactly the Sprint 0 blocker language from the scrum update: A1, A3 and A4 are unconfirmed client assumptions with no real Cartly stakeholder to validate against, since the client is fictional for this engagement. Tracked at github.com/bottyash/cartly.git.
B15: B · WORKFLOW-FALLBACK REGISTER — THE DESCOPE IS DESIGNED UP FRONT
B16: Agentic feature | C16: Fallback designed? | D16: The fallback | E16: Descope trigger
B17: Autonomous refund issuance above INR 500 | C17: YES | D17: Mandatory human approval gate above threshold (Risk Register 4.1 — "Wrong refund or account action") | E17: Any confirmed incorrect autonomous refund in QA or production
B18: Autonomous policy answer without grounding | C18: YES | D18: Self-RAG/CRAG abstain + escalate when Safety Critic faithfulness < 0.70 | E18: RAGAS faithfulness drops below the 0.70 guardrail floor (Risk Register 4.1 — "Hallucinated policy")
B19: Full automation with no kill switch | C19: YES | D19: SYSTEM_MODE=human_only — one environment variable, no redeploy (PDLC §4.2) | E19: Cost-ceiling breach, wrong-action incident, or confirmed prompt injection (PDLC §8.3 Incident Response)
B21: REFERENCE · PHASE START WEEKS (EDIT TO YOUR PLAN) | G21: Phase | H21: Start wk
G22: P1 | H22: 4
G23: P2 | H23: 9
G24: P3 | H24: 14
G25: P4 | H25: 19
G26: Production | H26: 25

Sheet S5 Launch
A1: Stage 5 · Validate & launch
A2: The agentic launch checklist · every gate is statistical or rehearsed — none is a checkbox | G2: STAGE GATE | H2: =IF(COUNTIFS(D7:D22,"YES",E7:E22,"<>DONE")=0,"PASS","HOLD") -> HOLD | I2: =TEXT(COUNTIF(E7:E22,"DONE")/COUNTIF(E7:E22,"<>N-A"),"0%")&" ready · "&COUNTIFS(D7:D22,"YES",E7:E22,"<>DONE")&" mandatory item(s) open" -> 19% ready · 11 mandatory item(s) open
B4: Readiness | C4: =TEXT(COUNTIF(E7:E22,"DONE")/COUNTIF(E7:E22,"<>N-A"),"0%")&" of applicable items DONE" -> 19% of applicable items DONE | E4: Launch verdict | F4: =IF(COUNTIFS(D7:D22,"YES",E7:E22,"<>DONE")=0,"GO","NO-GO — "&COUNTIFS(D7:D22,"YES",E7:E22,"<>DONE")&" mandatory item(s) open") -> NO-GO — 11 mandatory item(s) open
B6: Group | C6: Item | D6: Mandatory | E6: Status | F6: Evidence / note
B7: Evidence | C7: Golden refund-ticket suite at release threshold with zero NOT RUN | D7: YES | E7: IN PROGRESS | F7: Not yet — golden set deferred to Sprint 1 per Sprint 0 update
B8: Evidence | C8: Component evals exist for every write-capable tool | D8: YES | E8: DONE | F8: refund_action + crm_update + human_handoff identified in PDLC §3.8; evals not yet run
B9: Evidence | C9: Red-team / prompt-injection suite run AND monitoring live in production | D9: YES | E9: NOT STARTED | F9: 500-example adversarial set is planned (PDLC §5.3); none of it executed yet — Sprint 1+ work
B10: Security | C10: PII log scan clean across all log groups | D10: YES | E10: DONE | F10: Mock-data POC: no real PII in scope (Bitext is synthetic, no real PII per PDLC §5.2)
B11: Security | C11: Least-privilege review signed per agent | D11: YES | E11: IN PROGRESS | F11: Tool-access scoping defined in agent registry (PDLC §3.6); no formal sign-off process exists for a fictional client
B12: Ops | C12: Escalation path live end to end — consumer committed, staffed, tested | D12: YES | E12: NOT STARTED | F12: Human-escalation queue is a stub; no real ops consumer exists for a fictional client
B13: Ops | C13: Runbook reviewed; on-call trained on agent incident taxonomy | D13: YES | E13: IN PROGRESS | F13: Incident-response steps drafted in PDLC §8.3; team walkthrough not yet run
B14: Ops | C14: Degraded modes verified by killing each dependency in staging | D14: YES | E14: DONE | F14: Escalation path verified to fire correctly without any LLM calls (confirmed in Sprint 0)
B15: Legal | C15: Data processing agreements signed with every external processor | D15: YES | E15: IN PROGRESS | F15: N/A for a fictional client; placeholder process documented in PDLC §8.3, not executable
B16: Legal | C16: Audit retention configured and verified | D16: YES | E16: IN PROGRESS | F16: 7-year audit retention specified for the append-only log (PDLC §3.7); not yet implemented
B17: Release | C17: Model + prompt versions pinned AND pins resolve in CI | D17: YES | E17: NOT STARTED | F17: No CI pipeline exists yet for the POC
... B22: Change | C22: Prompt / model change-control process documented | D22: YES | E22: IN PROGRESS | F22: Canary + rollback process documented in PDLC §8.3
B23: Nearly everything here is NOT STARTED or IN PROGRESS — accurate, since the team is still at Sprint 0 (Discover & Define). This tab is a forward look at Sprint 4's exit bar, not a status report on work that was ever in scope yet.

Sheet S6 Operate
A1: Stage 6 · Operate & improve
A2: Four-week KPI grid + golden-suite growth · the gate recurs monthly, forever | G2: STAGE GATE | H2: =IF(COUNTIF(D33:D35,"YES")=3,"PASS","HOLD") -> PASS | I2: ="Containment "&TEXT(F16,"0.0%")&" · cost/success "&TEXT(F20,"$0.000")&" · suite "&IF(D29=0,"STAGNANT","grew") -> Containment 85.1% · cost/success $29.091 · suite grew
B4: A · WEEKLY INPUTS — TYPE THE EIGHT RAW NUMBERS; EVERYTHING BELOW COMPUTES
B5: Raw input | C5: W1 | D5: W2 | E5: W3 | F5: W4
B6: Sessions | C6: 700 | D6: 740 | E6: 760 | F6: 790
B7: Completed without human help | C7: 560 | D7: 605 | E7: 635 | F7: 672
B8: Escalations raised | C8: 90 | D8: 85 | E8: 78 | F8: 70
B9: Escalations judged necessary (sampled review) | C9: 75 | D9: 73 | E9: 69 | F9: 64
B10: Guard blocks | C10: 45 | D10: 48 | E10: 41 | F10: 38
B11: … of which false blocks | C11: 14 | D11: 11 | E11: 7 | F11: 5
B12: Verified task successes | C12: 545 | D12: 592 | E12: 622 | F12: 660
B13: Total cost $ (LLM + infra) | C13: 21000 | D13: 20500 | E13: 19500 | F13: 19200
B15: KPI | C15: W1 | D15: W2 | E15: W3 | F15: W4 | G15: Target | H15: Dir | I15: Latest-week status | J15: Gaming mode to watch
B16: Containment rate | C16: =C7/C6 -> 0.8 | D16: =D7/D6 -> 0.81756757 | E16: =E7/E6 -> 0.83552632 | F16: =F7/F6 -> 0.85063291 | G16: 0.65 | H16: ≥ | I16: =IF(H16="≥",IF(F16>=G16,"ON TARGET","BELOW TARGET"),IF(F16<=G16,"ON TARGET","ABOVE TARGET")) -> ON TARGET | J16: Gamed by suppressing escalation — pair with row below
B17: Escalation quality | C17: =IFERROR(C9/C8,"") -> 0.83333333 | D17: =IFERROR(D9/D8,"") -> 0.85882353 | E17: =IFERROR(E9/E8,"") -> 0.88461538 | F17: =IFERROR(F9/F8,"") -> 0.91428571 | G17: 0.85 | H17: ≥ | I17: =IF(H17="≥",IF(F17>=G17,"ON TARGET","BELOW TARGET"),IF(F17<=G17,"ON TARGET","ABOVE TARGET")) -> ON TARGET | J17: Gamed by rubber-stamping — sample the reviews
B18: False-block rate | C18: =IFERROR(C11/C10,"") -> 0.31111111 | D18: =IFERROR(D11/D10,"") -> 0.22916667 | E18: =IFERROR(E11/E10,"") -> 0.17073171 | F18: =IFERROR(F11/F10,"") -> 0.13157895 | G18: 0.15 | H18: ≤ | I18: =IF(H18="≥",IF(F18>=G18,"ON TARGET","BELOW TARGET"),IF(F18<=G18,"ON TARGET","ABOVE TARGET")) -> ON TARGET | J18: False blocks are silent conversion killers — review weekly
B19: Cost / session (LLM + infra) | C19: =C13/C6 -> 30 | D19: =D13/D6 -> 27.702703 | E19: =E13/E6 -> 25.657895 | F19: =F13/F6 -> 24.303797 | G19: 25 | H19: ≤ | I19: =IF(H19="≥",IF(F19>=G19,"ON TARGET","BELOW TARGET"),IF(F19<=G19,"ON TARGET","ABOVE TARGET")) -> ON TARGET | J19: Flatters when failures are cheap — see next row
B20: Cost / successful task | C20: =C13/C12 -> 38.53211 | D20: =D13/D12 -> 34.628378 | E20: =E13/E12 -> 31.350482 | F20: =F13/F12 -> 29.090909 | G20: 30 | H20: ≤ | I20: =IF(H20="≥",IF(F20>=G20,"ON TARGET","BELOW TARGET"),IF(F20<=G20,"ON TARGET","ABOVE TARGET")) -> ON TARGET | J20: The honest unit — failed sessions still cost
B23: C · GOLDEN-SUITE GROWTH — LAUNCH-GRADE IS A FIXED SET; OPERATING-GRADE IS A GROWING ONE
B24: Month | C24: Scenarios at start | D24: Added from production | E24: Retired | F24: At end | G24: Pass rate | H24: Flag
B25: M1 | C25: 12 | D25: 3 | E25: 0 | F25: =C25+D25-E25 -> 15 | G25: 0.95 | H25: =IF(D25=0,"SUITE STAGNANT — read the traces","GREW") -> GREW
B26: M2 | C26: 15 | D26: 2 | E26: 1 | F26: =C26+D26-E26 -> 16 | G26: 0.96 | H26: =IF(D26=0,"SUITE STAGNANT — read the traces","GREW") -> GREW
B27: M3 | C27: 16 | D27: 3 | E27: 0 | F27: =C27+D27-E27 -> 19 | G27: 0.97 | H27: =IF(D27=0,"SUITE STAGNANT — read the traces","GREW") -> GREW
B28: Set M3 'Added' to 0 and watch the flag and the dashboard signal change — a suite that stopped growing means nobody is reading the refund-ticket traces.
B29: Latest-month additions (hook) | D29: =D27 -> 3
B32: D · EXIT GATE — RECURS MONTHLY
C33: Golden suite grew this month (additions > 0) | D33: YES
C34: Pass rate held at or above target | D34: YES
C35: Weekly failure triage + monthly cost review both happened | D35: YES
